name	Mean	MCSE	StdDev	2.5%	50%	97.5%	N_Eff	N_Eff/s	R_hat
lp__	-1770.0	0.0418	1.97	-1780.0	-1770.0	-1770.0	2210.0	142.0	1.0
beta[1]	0.405	0.00146	0.101	0.201	0.405	0.594	4775.0	307.0	1.0
beta[2]	0.809	0.00164	0.113	0.584	0.806	1.02	4684.0	301.0	1.0
beta[3]	1.02	0.00169	0.117	0.776	1.02	1.24	4825.0	310.0	1.0
beta[4]	0.93	0.00176	0.117	0.693	0.928	1.15	4423.0	284.0	1.0
beta[5]	0.929	0.00233	0.156	0.618	0.929	1.23	4492.0	289.0	1.0
beta[6]	0.349	0.00239	0.164	0.0183	0.348	0.665	4709.0	303.0	1.0
beta[7]	0.175	0.0025	0.169	-0.163	0.174	0.484	4571.0	294.0	1.0
beta[8]	0.202	0.00248	0.168	-0.134	0.203	0.521	4568.0	294.0	1.0
